LOCATION,MEASURE,TIME,Value
AUS,PC_GDP,1970,-1.656801803
AUS,PC_GDP,1971,-1.627165814
AUS,PC_GDP,1972,-2.095081375
AUS,PC_GDP,1973,-0.959022096
AUS,PC_GDP,1974,-3.598636306
AUS,PC_GDP,1975,-4.456864603
AUS,PC_GDP,1976,-4.329980465
AUS,PC_GDP,1977,-5.231507032
AUS,PC_GDP,1978,-4.917963785
AUS,PC_GDP,1979,-3.30847951
AUS,PC_GDP,1980,-3.487960108
AUS,PC_GDP,1981,-3.885355025
AUS,PC_GDP,1982,-5.85916266
AUS,PC_GDP,1983,-6.241404152
AUS,PC_GDP,1984,-5.954616123
AUS,PC_GDP,1985,-5.367183964
AUS,PC_GDP,1986,-3.69293765
AUS,PC_GDP,1987,-1.949150714
AUS,PC_GDP,1988,-1.206318163
AUS,PC_GDP,1989,-2.338785226
AUS,PC_GDP,1990,-3.500685157
AUS,PC_GDP,1991,-5.992127063
AUS,PC_GDP,1992,-6.336753576
AUS,PC_GDP,1993,-4.582549323
AUS,PC_GDP,1994,-4.218288669
AUS,PC_GDP,1995,-3.013226492
AUS,PC_GDP,1996,-1.225153122
AUS,PC_GDP,1997,0.184769429
AUS,PC_GDP,1998,0.630350896
AUS,PC_GDP,1999,1.954597248
AUS,PC_GDP,2000,-1.292779433
AUS,PC_GDP,2001,-0.743403403
AUS,PC_GDP,2002,0.70678247
AUS,PC_GDP,2003,0.794190376
AUS,PC_GDP,2004,0.927763579
AUS,PC_GDP,2005,1.599201151
AUS,PC_GDP,2006,1.581618909
AUS,PC_GDP,2007,0.655790839
AUS,PC_GDP,2008,-3.840716305
AUS,PC_GDP,2009,-5.644590585
AUS,PC_GDP,2010,-4.561117937
AUS,PC_GDP,2011,-4.614869676
AUS,PC_GDP,2012,-2.847010063
AUS,PC_GDP,2013,-2.783016891
AUS,PC_GDP,2014,-2.237299371
AUS,PC_GDP,2015,-2.222840197
AUS,PC_GDP,2016,-1.581866568
AUS,PC_GDP,2017,-1.209910654
AUS,PC_GDP,2018,-1.430253804
AUS,PC_GDP,2019,-7.142986956
AUS,PC_GDP,2020,-9.582633853
AUT,PC_GDP,1995,-6.133971278
AUT,PC_GDP,1996,-4.503615848
AUT,PC_GDP,1997,-2.575791199
AUT,PC_GDP,1998,-2.696226841
AUT,PC_GDP,1999,-2.595886654
AUT,PC_GDP,2000,-2.404702329
AUT,PC_GDP,2001,-0.661575545
AUT,PC_GDP,2002,-1.381174923
AUT,PC_GDP,2003,-1.786425452
AUT,PC_GDP,2004,-4.804986015
AUT,PC_GDP,2005,-2.508349601
AUT,PC_GDP,2006,-2.535448127
AUT,PC_GDP,2007,-1.354622684
AUT,PC_GDP,2008,-1.495265332
AUT,PC_GDP,2009,-5.329706203
AUT,PC_GDP,2010,-4.441267059
AUT,PC_GDP,2011,-2.553565994
AUT,PC_GDP,2012,-2.189070595
AUT,PC_GDP,2013,-1.950077521
AUT,PC_GDP,2014,-2.729148208
AUT,PC_GDP,2015,-1.009988607
AUT,PC_GDP,2016,-1.534591163
AUT,PC_GDP,2017,-0.81611835
AUT,PC_GDP,2018,0.170080245
AUT,PC_GDP,2019,0.61028097
AUT,PC_GDP,2020,-8.045203244
AUT,PC_GDP,2021,-5.927369329
BEL,PC_GDP,1995,-4.508356965
BEL,PC_GDP,1996,-4.00252745
BEL,PC_GDP,1997,-2.151257354
BEL,PC_GDP,1998,-1.024873637
BEL,PC_GDP,1999,-0.648349453
BEL,PC_GDP,2000,-0.07929747
BEL,PC_GDP,2001,0.232848557
BEL,PC_GDP,2002,-0.043695305
BEL,PC_GDP,2003,-1.864152301
BEL,PC_GDP,2004,-0.238697095
BEL,PC_GDP,2005,-2.714993278
BEL,PC_GDP,2006,0.239580626
BEL,PC_GDP,2007,0.066439884
BEL,PC_GDP,2008,-1.09534487
BEL,PC_GDP,2009,-5.430989099
BEL,PC_GDP,2010,-4.087706095
BEL,PC_GDP,2011,-4.330078267
BEL,PC_GDP,2012,-4.318382328
BEL,PC_GDP,2013,-3.129377927
BEL,PC_GDP,2014,-3.055682174
BEL,PC_GDP,2015,-2.413670796
BEL,PC_GDP,2016,-2.36311262
BEL,PC_GDP,2017,-0.683833124
BEL,PC_GDP,2018,-0.869783132
BEL,PC_GDP,2019,-1.952287863
BEL,PC_GDP,2020,-9.047065946
BEL,PC_GDP,2021,-5.513824882
CAN,PC_GDP,1981,-2.892294996
CAN,PC_GDP,1982,-6.898328357
CAN,PC_GDP,1983,-7.998034729
CAN,PC_GDP,1984,-7.940067448
CAN,PC_GDP,1985,-8.757327104
CAN,PC_GDP,1986,-7.321648976
CAN,PC_GDP,1987,-5.745765545
CAN,PC_GDP,1988,-4.510969957
CAN,PC_GDP,1989,-4.718283329
CAN,PC_GDP,1990,-5.911422126
CAN,PC_GDP,1991,-8.359398267
CAN,PC_GDP,1992,-9.199149263
CAN,PC_GDP,1993,-8.934764945
CAN,PC_GDP,1994,-6.935977535
CAN,PC_GDP,1995,-5.489640113
CAN,PC_GDP,1996,-3.05256596
CAN,PC_GDP,1997,0.038702165
CAN,PC_GDP,1998,0.142682776
CAN,PC_GDP,1999,1.655576247
CAN,PC_GDP,2000,2.639703961
CAN,PC_GDP,2001,0.529468967
CAN,PC_GDP,2002,-0.233895789
CAN,PC_GDP,2003,-0.126957865
CAN,PC_GDP,2004,0.767669538
CAN,PC_GDP,2005,1.553120098
CAN,PC_GDP,2006,1.827604363
CAN,PC_GDP,2007,1.819655807
CAN,PC_GDP,2008,0.184485477
CAN,PC_GDP,2009,-3.881351769
CAN,PC_GDP,2010,-4.737558582
CAN,PC_GDP,2011,-3.308732553
CAN,PC_GDP,2012,-2.524517007
CAN,PC_GDP,2013,-1.494758567
CAN,PC_GDP,2014,0.17489616
CAN,PC_GDP,2015,-0.061845591
CAN,PC_GDP,2016,-0.453312335
CAN,PC_GDP,2017,-0.112162665
CAN,PC_GDP,2018,0.35165438
CAN,PC_GDP,2019,0.00432767
CAN,PC_GDP,2020,-11.36043546
CAN,PC_GDP,2021,-5.039089433
CZE,PC_GDP,1995,-12.37124962
CZE,PC_GDP,1996,-3.004884502
CZE,PC_GDP,1997,-3.174897921
CZE,PC_GDP,1998,-4.173050101
CZE,PC_GDP,1999,-3.128163861
CZE,PC_GDP,2000,-3.575635642
CZE,PC_GDP,2001,-5.759548002
CZE,PC_GDP,2002,-6.351361696
CZE,PC_GDP,2003,-6.858023441
CZE,PC_GDP,2004,-2.369538651
CZE,PC_GDP,2005,-3.026569568
CZE,PC_GDP,2006,-2.150143265
CZE,PC_GDP,2007,-0.644844856
CZE,PC_GDP,2008,-1.964203559
CZE,PC_GDP,2009,-5.411347589
CZE,PC_GDP,2010,-4.152000942
CZE,PC_GDP,2011,-2.700351498
CZE,PC_GDP,2012,-3.897100256
CZE,PC_GDP,2013,-1.283886714
CZE,PC_GDP,2014,-2.075491409
CZE,PC_GDP,2015,-0.643817651
CZE,PC_GDP,2016,0.711776193
CZE,PC_GDP,2017,1.50140596
CZE,PC_GDP,2018,0.892698531
CZE,PC_GDP,2019,0.288566421
CZE,PC_GDP,2020,-5.781412468
CZE,PC_GDP,2021,-5.87190996
DNK,PC_GDP,1995,-3.620031991
DNK,PC_GDP,1996,-2.482574628
DNK,PC_GDP,1997,-1.200213529
DNK,PC_GDP,1998,-0.38853696
DNK,PC_GDP,1999,0.868853785
DNK,PC_GDP,2000,1.887315011
DNK,PC_GDP,2001,1.140554208
DNK,PC_GDP,2002,-0.015387113
DNK,PC_GDP,2003,-0.133147614
DNK,PC_GDP,2004,2.073172872
DNK,PC_GDP,2005,4.955030541
DNK,PC_GDP,2006,4.987100072
DNK,PC_GDP,2007,5.020458128
DNK,PC_GDP,2008,3.17390813
DNK,PC_GDP,2009,-2.798142422
DNK,PC_GDP,2010,-2.710271475
DNK,PC_GDP,2011,-2.055766615
DNK,PC_GDP,2012,-3.490444397
DNK,PC_GDP,2013,-1.235647188
DNK,PC_GDP,2014,1.144427653
DNK,PC_GDP,2015,-1.329629842
DNK,PC_GDP,2016,-0.105986872
DNK,PC_GDP,2017,1.78626149
DNK,PC_GDP,2018,0.760390381
DNK,PC_GDP,2019,4.063904171
DNK,PC_GDP,2020,-0.1831246
DNK,PC_GDP,2021,2.349958426
FIN,PC_GDP,1975,4.93015731
FIN,PC_GDP,1976,7.609063483
FIN,PC_GDP,1977,6.254731276
FIN,PC_GDP,1978,3.82755814
FIN,PC_GDP,1979,3.398652835
FIN,PC_GDP,1980,3.702053065
FIN,PC_GDP,1981,5.106785405
FIN,PC_GDP,1982,3.053524286
FIN,PC_GDP,1983,1.518261015
FIN,PC_GDP,1984,3.228582117
FIN,PC_GDP,1985,3.335908662
FIN,PC_GDP,1986,3.828178585
FIN,PC_GDP,1987,1.625908205
FIN,PC_GDP,1988,5.09234519
FIN,PC_GDP,1989,6.729459431
FIN,PC_GDP,1990,5.317780538
FIN,PC_GDP,1991,-0.904498326
FIN,PC_GDP,1992,-5.32778184
FIN,PC_GDP,1993,-8.085592943
FIN,PC_GDP,1994,-6.495939349
FIN,PC_GDP,1995,-5.924971334
FIN,PC_GDP,1996,-3.246377947
FIN,PC_GDP,1997,-1.214724702
FIN,PC_GDP,1998,1.638527815
FIN,PC_GDP,1999,1.667244477
FIN,PC_GDP,2000,6.853461544
FIN,PC_GDP,2001,4.976214841
FIN,PC_GDP,2002,4.05694813
FIN,PC_GDP,2003,2.423739201
FIN,PC_GDP,2004,2.209652427
FIN,PC_GDP,2005,2.651696855
FIN,PC_GDP,2006,3.971150454
FIN,PC_GDP,2007,5.108193637
FIN,PC_GDP,2008,4.176768847
FIN,PC_GDP,2009,-2.484222573
FIN,PC_GDP,2010,-2.53371106
FIN,PC_GDP,2011,-1.019202214
FIN,PC_GDP,2012,-2.155822063
FIN,PC_GDP,2013,-2.524948488
FIN,PC_GDP,2014,-2.98747686
FIN,PC_GDP,2015,-2.425432268
FIN,PC_GDP,2016,-1.69825026
FIN,PC_GDP,2017,-0.653996226
FIN,PC_GDP,2018,-0.853221855
FIN,PC_GDP,2019,-0.946000033
FIN,PC_GDP,2020,-5.511040148
FIN,PC_GDP,2021,-2.581305795
FRA,PC_GDP,1978,-1.796824577
FRA,PC_GDP,1979,-0.482157656
FRA,PC_GDP,1980,-0.428536645
FRA,PC_GDP,1981,-2.40752179
FRA,PC_GDP,1982,-2.836913321
FRA,PC_GDP,1983,-2.540767887
FRA,PC_GDP,1984,-2.735951798
FRA,PC_GDP,1985,-2.972459677
FRA,PC_GDP,1986,-3.197413196
FRA,PC_GDP,1987,-2.01429234
FRA,PC_GDP,1988,-2.564376929
FRA,PC_GDP,1989,-1.782231043
FRA,PC_GDP,1990,-2.43397061
FRA,PC_GDP,1991,-2.863044504
FRA,PC_GDP,1992,-4.601218586
FRA,PC_GDP,1993,-6.358794486
FRA,PC_GDP,1994,-5.422899361
FRA,PC_GDP,1995,-5.108542995
FRA,PC_GDP,1996,-3.905879422
FRA,PC_GDP,1997,-3.65283417
FRA,PC_GDP,1998,-2.378437395
FRA,PC_GDP,1999,-1.602927625
FRA,PC_GDP,2000,-1.318422681
FRA,PC_GDP,2001,-1.379274477
FRA,PC_GDP,2002,-3.16028993
FRA,PC_GDP,2003,-4.01553721
FRA,PC_GDP,2004,-3.590570293
FRA,PC_GDP,2005,-3.355559897
FRA,PC_GDP,2006,-2.443685608
FRA,PC_GDP,2007,-2.636296205
FRA,PC_GDP,2008,-3.26373483
FRA,PC_GDP,2009,-7.174779051
FRA,PC_GDP,2010,-6.886721673
FRA,PC_GDP,2011,-5.154760881
FRA,PC_GDP,2012,-4.980984334
FRA,PC_GDP,2013,-4.084094523
FRA,PC_GDP,2014,-3.904659346
FRA,PC_GDP,2015,-3.62517467
FRA,PC_GDP,2016,-3.637256398
FRA,PC_GDP,2017,-2.958417093
FRA,PC_GDP,2018,-2.288954541
FRA,PC_GDP,2019,-3.064650778
FRA,PC_GDP,2020,-8.9251192
FRA,PC_GDP,2021,-6.478779328
DEU,PC_GDP,1995,-9.432231435
DEU,PC_GDP,1996,-3.570402523
DEU,PC_GDP,1997,-2.942100298
DEU,PC_GDP,1998,-2.566892704
DEU,PC_GDP,1999,-1.719220386
DEU,PC_GDP,2000,-1.584664476
DEU,PC_GDP,2001,-3.025444871
DEU,PC_GDP,2002,-3.874993176
DEU,PC_GDP,2003,-3.704201088
DEU,PC_GDP,2004,-3.334158372
DEU,PC_GDP,2005,-3.319436615
DEU,PC_GDP,2006,-1.653152096
DEU,PC_GDP,2007,0.26088696
DEU,PC_GDP,2008,-0.116356239
DEU,PC_GDP,2009,-3.150511299
DEU,PC_GDP,2010,-4.378646077
DEU,PC_GDP,2011,-0.881398595
DEU,PC_GDP,2012,0.009324994
DEU,PC_GDP,2013,0.039980792
DEU,PC_GDP,2014,0.579552713
DEU,PC_GDP,2015,0.960550926
DEU,PC_GDP,2016,1.160351417
DEU,PC_GDP,2017,1.336083938
DEU,PC_GDP,2018,1.913321813
DEU,PC_GDP,2019,1.471173363
DEU,PC_GDP,2020,-4.313093159
DEU,PC_GDP,2021,-3.709551843
GRC,PC_GDP,1995,-9.730979547
GRC,PC_GDP,1996,-8.15826266
GRC,PC_GDP,1997,-6.056026225
GRC,PC_GDP,1998,-6.268433569
GRC,PC_GDP,1999,-5.793462652
GRC,PC_GDP,2000,-4.0630872
GRC,PC_GDP,2001,-5.466055745
GRC,PC_GDP,2002,-6.024075591
GRC,PC_GDP,2003,-7.830423452
GRC,PC_GDP,2004,-8.827879771
GRC,PC_GDP,2005,-6.187942655
GRC,PC_GDP,2006,-5.94597758
GRC,PC_GDP,2007,-6.707074634
GRC,PC_GDP,2008,-10.17602394
GRC,PC_GDP,2009,-15.14771465
GRC,PC_GDP,2010,-11.29240799
GRC,PC_GDP,2011,-10.46686648
GRC,PC_GDP,2012,-9.091167794
GRC,PC_GDP,2013,-13.35079765
GRC,PC_GDP,2014,-3.625674625
GRC,PC_GDP,2015,-5.873485282
GRC,PC_GDP,2016,0.242988038
GRC,PC_GDP,2017,0.579412331
GRC,PC_GDP,2018,0.932290919
GRC,PC_GDP,2019,1.148155683
GRC,PC_GDP,2020,-10.15324671
GRC,PC_GDP,2021,-7.432581495
HUN,PC_GDP,1995,-8.598951458
HUN,PC_GDP,1996,-4.376420274
HUN,PC_GDP,1997,-5.550687754
HUN,PC_GDP,1998,-7.424333259
HUN,PC_GDP,1999,-5.276627908
HUN,PC_GDP,2000,-3.04138711
HUN,PC_GDP,2001,-3.999402547
HUN,PC_GDP,2002,-8.79771369
HUN,PC_GDP,2003,-7.181648235
HUN,PC_GDP,2004,-6.589322359
HUN,PC_GDP,2005,-7.777083483
HUN,PC_GDP,2006,-9.256918752
HUN,PC_GDP,2007,-5.081524624
HUN,PC_GDP,2008,-3.781414601
HUN,PC_GDP,2009,-4.748141303
HUN,PC_GDP,2010,-4.425044859
HUN,PC_GDP,2011,-5.209276057
HUN,PC_GDP,2012,-2.323585841
HUN,PC_GDP,2013,-2.596559009
HUN,PC_GDP,2014,-2.773952241
HUN,PC_GDP,2015,-2.003418954
HUN,PC_GDP,2016,-1.796478142
HUN,PC_GDP,2017,-2.458679012
HUN,PC_GDP,2018,-2.11206861
HUN,PC_GDP,2019,-2.086037398
HUN,PC_GDP,2020,-7.789846658
HUN,PC_GDP,2021,-6.773840326
ISL,PC_GDP,1998,-0.565309413
ISL,PC_GDP,1999,1.319068489
ISL,PC_GDP,2000,1.445935647
ISL,PC_GDP,2001,-0.280551601
ISL,PC_GDP,2002,-2.274025518
ISL,PC_GDP,2003,-2.323821139
ISL,PC_GDP,2004,0.28647758
ISL,PC_GDP,2005,5.006457976
ISL,PC_GDP,2006,6.449415393
ISL,PC_GDP,2007,5.598673365
ISL,PC_GDP,2008,-12.13839324
ISL,PC_GDP,2009,-8.579472181
ISL,PC_GDP,2010,-6.663496314
ISL,PC_GDP,2011,-6.53001155
ISL,PC_GDP,2012,-2.624618817
ISL,PC_GDP,2013,-1.247701106
ISL,PC_GDP,2014,0.294975994
ISL,PC_GDP,2015,-0.395505063
ISL,PC_GDP,2016,12.54930655
ISL,PC_GDP,2017,0.954938973
ISL,PC_GDP,2018,0.912012091
ISL,PC_GDP,2019,-1.523487313
ISL,PC_GDP,2020,-8.67441265
ISL,PC_GDP,2021,-8.916663139
IRL,PC_GDP,1995,-2.07656779
IRL,PC_GDP,1996,-0.197703312
IRL,PC_GDP,1997,1.373181143
IRL,PC_GDP,1998,2.071159318
IRL,PC_GDP,1999,3.537035481
IRL,PC_GDP,2000,4.85528333
IRL,PC_GDP,2001,0.959332477
IRL,PC_GDP,2002,-0.519318293
IRL,PC_GDP,2003,0.346070695
IRL,PC_GDP,2004,1.298189924
IRL,PC_GDP,2005,1.570416731
IRL,PC_GDP,2006,2.775373718
IRL,PC_GDP,2007,0.267833814
IRL,PC_GDP,2008,-7.030561039
IRL,PC_GDP,2009,-13.87281455
IRL,PC_GDP,2010,-32.12420476
IRL,PC_GDP,2011,-13.64446128
IRL,PC_GDP,2012,-8.49298949
IRL,PC_GDP,2013,-6.415116831
IRL,PC_GDP,2014,-3.63447667
IRL,PC_GDP,2015,-2.048637055
IRL,PC_GDP,2016,-0.771340262
IRL,PC_GDP,2017,-0.293855376
IRL,PC_GDP,2018,0.144487907
IRL,PC_GDP,2019,0.483661714
IRL,PC_GDP,2020,-5.130420139
IRL,PC_GDP,2021,-1.92418082
ITA,PC_GDP,1995,-7.210269699
ITA,PC_GDP,1996,-6.614667349
ITA,PC_GDP,1997,-2.981625151
ITA,PC_GDP,1998,-2.988261643
ITA,PC_GDP,1999,-1.772795717
ITA,PC_GDP,2000,-2.42333366
ITA,PC_GDP,2001,-3.190309483
ITA,PC_GDP,2002,-2.869301584
ITA,PC_GDP,2003,-3.21762521
ITA,PC_GDP,2004,-3.478850032
ITA,PC_GDP,2005,-4.082522688
ITA,PC_GDP,2006,-3.616569678
ITA,PC_GDP,2007,-1.340256786
ITA,PC_GDP,2008,-2.563901532
ITA,PC_GDP,2009,-5.121045989
ITA,PC_GDP,2010,-4.239736448
ITA,PC_GDP,2011,-3.593012379
ITA,PC_GDP,2012,-2.945408548
ITA,PC_GDP,2013,-2.854252853
ITA,PC_GDP,2014,-2.954395634
ITA,PC_GDP,2015,-2.552201794
ITA,PC_GDP,2016,-2.403898886
ITA,PC_GDP,2017,-2.419104813
ITA,PC_GDP,2018,-2.186191283
ITA,PC_GDP,2019,-1.540158044
ITA,PC_GDP,2020,-9.597210121
ITA,PC_GDP,2021,-7.227913092
JPN,PC_GDP,2005,-4.438461521
JPN,PC_GDP,2006,-3.028756085
JPN,PC_GDP,2007,-2.901025568
JPN,PC_GDP,2008,-4.109629009
JPN,PC_GDP,2009,-9.693024425
JPN,PC_GDP,2010,-9.075830425
JPN,PC_GDP,2011,-8.985525951
JPN,PC_GDP,2012,-8.196478264
JPN,PC_GDP,2013,-7.611412292
JPN,PC_GDP,2014,-5.616110684
JPN,PC_GDP,2015,-3.677846107
JPN,PC_GDP,2016,-3.599572786
JPN,PC_GDP,2017,-3.098741034
JPN,PC_GDP,2018,-2.472218817
JPN,PC_GDP,2019,-3.030235749
JPN,PC_GDP,2020,-8.951689419
KOR,PC_GDP,1970,-0.007151541
KOR,PC_GDP,1971,-1.047120419
KOR,PC_GDP,1972,-2.507205286
KOR,PC_GDP,1973,-2.310350442
KOR,PC_GDP,1974,-1.740670462
KOR,PC_GDP,1975,-4.034675064
KOR,PC_GDP,1976,-1.101376375
KOR,PC_GDP,1977,-1.886275332
KOR,PC_GDP,1978,-0.36096921
KOR,PC_GDP,1979,-0.194122022
KOR,PC_GDP,1980,-1.338951947
KOR,PC_GDP,1981,-3.58064659
KOR,PC_GDP,1982,-0.69457779
KOR,PC_GDP,1983,0.706961359
KOR,PC_GDP,1984,1.166159613
KOR,PC_GDP,1985,0.647341362
KOR,PC_GDP,1986,1.101316881
KOR,PC_GDP,1987,2.056651805
KOR,PC_GDP,1988,2.619684139
KOR,PC_GDP,1989,2.123016759
KOR,PC_GDP,1990,2.48294493
KOR,PC_GDP,1991,1.034719819
KOR,PC_GDP,1992,0.904839937
KOR,PC_GDP,1993,1.404778773
KOR,PC_GDP,1994,2.515453965
KOR,PC_GDP,1995,2.788149261
KOR,PC_GDP,1996,3.034567116
KOR,PC_GDP,1997,2.311117786
KOR,PC_GDP,1998,0.251798487
KOR,PC_GDP,1999,1.402647379
KOR,PC_GDP,2000,4.166600167
KOR,PC_GDP,2001,2.907154282
KOR,PC_GDP,2002,3.111254626
KOR,PC_GDP,2003,-2.133024428
KOR,PC_GDP,2004,-0.077968894
KOR,PC_GDP,2005,1.351823045
KOR,PC_GDP,2006,1.969050364
KOR,PC_GDP,2007,3.957316235
KOR,PC_GDP,2008,2.131281263
KOR,PC_GDP,2009,-1.276212665
KOR,PC_GDP,2010,0.882973016
KOR,PC_GDP,2011,0.983334596
KOR,PC_GDP,2012,1.01793514
KOR,PC_GDP,2013,1.283412505
KOR,PC_GDP,2014,1.212320023
KOR,PC_GDP,2015,1.180413703
KOR,PC_GDP,2016,2.209188343
KOR,PC_GDP,2017,2.681835173
KOR,PC_GDP,2018,3.024872186
KOR,PC_GDP,2019,0.955750489
KOR,PC_GDP,2020,-2.294666473
LUX,PC_GDP,1995,2.680938231
LUX,PC_GDP,1996,2.322419551
LUX,PC_GDP,1997,2.503918046
LUX,PC_GDP,1998,2.847220162
LUX,PC_GDP,1999,3.1081735
LUX,PC_GDP,2000,5.544933885
LUX,PC_GDP,2001,5.62665932
LUX,PC_GDP,2002,2.030978733
LUX,PC_GDP,2003,0.27295999
LUX,PC_GDP,2004,-1.393325793
LUX,PC_GDP,2005,-0.207820181
LUX,PC_GDP,2006,1.91157027
LUX,PC_GDP,2007,4.362930323
LUX,PC_GDP,2008,3.373943712
LUX,PC_GDP,2009,-0.209983201
LUX,PC_GDP,2010,-0.317479671
LUX,PC_GDP,2011,0.658409701
LUX,PC_GDP,2012,0.506445417
LUX,PC_GDP,2013,0.843740323
LUX,PC_GDP,2014,1.338815024
LUX,PC_GDP,2015,1.334058484
LUX,PC_GDP,2016,1.892966682
LUX,PC_GDP,2017,1.366849959
LUX,PC_GDP,2018,2.986256003
LUX,PC_GDP,2019,2.299687711
LUX,PC_GDP,2020,-3.420011078
LUX,PC_GDP,2021,0.886385472
MEX,PC_GDP,2003,-1.322523684
MEX,PC_GDP,2004,-0.852532369
MEX,PC_GDP,2005,-0.721209221
MEX,PC_GDP,2006,-0.970869797
MEX,PC_GDP,2007,-0.710615642
MEX,PC_GDP,2008,-0.934756
MEX,PC_GDP,2009,-3.080379473
MEX,PC_GDP,2010,-2.971552912
MEX,PC_GDP,2011,-5.297194771
MEX,PC_GDP,2012,-4.726906187
MEX,PC_GDP,2013,-4.546877949
MEX,PC_GDP,2014,-4.22302456
MEX,PC_GDP,2015,-5.167655157
MEX,PC_GDP,2016,-2.882414707
MEX,PC_GDP,2017,-2.508153812
MEX,PC_GDP,2018,-5.103558777
MEX,PC_GDP,2019,-3.676140352
MEX,PC_GDP,2020,-5.434394771
NLD,PC_GDP,1995,-8.721365996
NLD,PC_GDP,1996,-1.813275299
NLD,PC_GDP,1997,-1.574058518
NLD,PC_GDP,1998,-1.346961032
NLD,PC_GDP,1999,0.260096934
NLD,PC_GDP,2000,1.208830837
NLD,PC_GDP,2001,-0.408607104
NLD,PC_GDP,2002,-1.996260504
NLD,PC_GDP,2003,-3.06097775
NLD,PC_GDP,2004,-1.752738595
NLD,PC_GDP,2005,-0.449641757
NLD,PC_GDP,2006,-0.013343689
NLD,PC_GDP,2007,-0.21335013
NLD,PC_GDP,2008,0.101205504
NLD,PC_GDP,2009,-5.167066234
NLD,PC_GDP,2010,-5.318474875
NLD,PC_GDP,2011,-4.457230545
NLD,PC_GDP,2012,-4.012613214
NLD,PC_GDP,2013,-2.997745521
NLD,PC_GDP,2014,-2.263237834
NLD,PC_GDP,2015,-2.091425027
NLD,PC_GDP,2016,0.011576411
NLD,PC_GDP,2017,1.316270765
NLD,PC_GDP,2018,1.429481374
NLD,PC_GDP,2019,1.721162775
NLD,PC_GDP,2020,-3.697810885
NLD,PC_GDP,2021,-2.542990221
NOR,PC_GDP,1995,3.142332667
NOR,PC_GDP,1996,6.165613575
NOR,PC_GDP,1997,7.460003154
NOR,PC_GDP,1998,3.183089776
NOR,PC_GDP,1999,5.81019508
NOR,PC_GDP,2000,15.06485511
NOR,PC_GDP,2001,13.19339055
NOR,PC_GDP,2002,9.044948643
NOR,PC_GDP,2003,7.221155247
NOR,PC_GDP,2004,10.86577829
NOR,PC_GDP,2005,14.77301108
NOR,PC_GDP,2006,17.95050076
NOR,PC_GDP,2007,17.11022976
NOR,PC_GDP,2008,18.6377532
NOR,PC_GDP,2009,10.24166959
NOR,PC_GDP,2010,10.92962744
NOR,PC_GDP,2011,13.35486341
NOR,PC_GDP,2012,13.76736516
NOR,PC_GDP,2013,10.67440864
NOR,PC_GDP,2014,8.629196126
NOR,PC_GDP,2015,6.024071988
NOR,PC_GDP,2016,4.059554289
NOR,PC_GDP,2017,4.999147292
NOR,PC_GDP,2018,7.863586482
NOR,PC_GDP,2019,6.583725365
NOR,PC_GDP,2020,-2.614532786
NOR,PC_GDP,2021,9.090046505
POL,PC_GDP,1995,-4.19231438
POL,PC_GDP,1996,-4.591140943
POL,PC_GDP,1997,-4.561580766
POL,PC_GDP,1998,-4.173591631
POL,PC_GDP,1999,-2.253272649
POL,PC_GDP,2000,-3.994345897
POL,PC_GDP,2001,-4.741359456
POL,PC_GDP,2002,-4.817572709
POL,PC_GDP,2003,-6.036106862
POL,PC_GDP,2004,-5.007764516
POL,PC_GDP,2005,-3.938305756
POL,PC_GDP,2006,-3.539452288
POL,PC_GDP,2007,-1.882513634
POL,PC_GDP,2008,-3.60610188
POL,PC_GDP,2009,-7.252054445
POL,PC_GDP,2010,-7.40086699
POL,PC_GDP,2011,-4.967254453
POL,PC_GDP,2012,-3.790772938
POL,PC_GDP,2013,-4.225116049
POL,PC_GDP,2014,-3.645767056
POL,PC_GDP,2015,-2.59622944
POL,PC_GDP,2016,-2.385849754
POL,PC_GDP,2017,-1.487108228
POL,PC_GDP,2018,-0.244773291
POL,PC_GDP,2019,-0.73700538
POL,PC_GDP,2020,-6.912153762
POL,PC_GDP,2021,-1.868976395
PRT,PC_GDP,1995,-5.178675422
PRT,PC_GDP,1996,-4.737662558
PRT,PC_GDP,1997,-3.705603856
PRT,PC_GDP,1998,-4.387545269
PRT,PC_GDP,1999,-3.031496496
PRT,PC_GDP,2000,-3.216203598
PRT,PC_GDP,2001,-4.789865269
PRT,PC_GDP,2002,-3.334379415
PRT,PC_GDP,2003,-5.656042413
PRT,PC_GDP,2004,-6.183559723
PRT,PC_GDP,2005,-6.130314876
PRT,PC_GDP,2006,-4.180494643
PRT,PC_GDP,2007,-2.899225779
PRT,PC_GDP,2008,-3.699585212
PRT,PC_GDP,2009,-9.872563995
PRT,PC_GDP,2010,-11.39839163
PRT,PC_GDP,2011,-7.663221706
PRT,PC_GDP,2012,-6.179764602
PRT,PC_GDP,2013,-5.104507114
PRT,PC_GDP,2014,-7.356023397
PRT,PC_GDP,2015,-4.448783853
PRT,PC_GDP,2016,-1.935022606
PRT,PC_GDP,2017,-2.956015551
PRT,PC_GDP,2018,-0.348984115
PRT,PC_GDP,2019,0.115330817
PRT,PC_GDP,2020,-5.839523136
PRT,PC_GDP,2021,-2.829040438
SVK,PC_GDP,1995,-3.47317383
SVK,PC_GDP,1996,-9.815646216
SVK,PC_GDP,1997,-6.266131193
SVK,PC_GDP,1998,-5.296976999
SVK,PC_GDP,1999,-7.173126805
SVK,PC_GDP,2000,-12.6309704
SVK,PC_GDP,2001,-7.220471049
SVK,PC_GDP,2002,-8.220624439
SVK,PC_GDP,2003,-3.120194463
SVK,PC_GDP,2004,-2.31420521
SVK,PC_GDP,2005,-2.874348647
SVK,PC_GDP,2006,-3.578470559
SVK,PC_GDP,2007,-2.050370918
SVK,PC_GDP,2008,-2.523421089
SVK,PC_GDP,2009,-8.149335681
SVK,PC_GDP,2010,-7.502607781
SVK,PC_GDP,2011,-4.322085278
SVK,PC_GDP,2012,-4.368969637
SVK,PC_GDP,2013,-2.888585704
SVK,PC_GDP,2014,-3.114716364
SVK,PC_GDP,2015,-2.672962236
SVK,PC_GDP,2016,-2.58241229
SVK,PC_GDP,2017,-0.98226653
SVK,PC_GDP,2018,-1.01195878
SVK,PC_GDP,2019,-1.295905891
SVK,PC_GDP,2020,-5.468261129
SVK,PC_GDP,2021,-6.150112947
ESP,PC_GDP,1995,-6.788496444
ESP,PC_GDP,1996,-5.862801332
ESP,PC_GDP,1997,-3.856967886
ESP,PC_GDP,1998,-2.624853191
ESP,PC_GDP,1999,-1.239166525
ESP,PC_GDP,2000,-1.16076073
ESP,PC_GDP,2001,-0.454926083
ESP,PC_GDP,2002,-0.316722522
ESP,PC_GDP,2003,-0.375062635
ESP,PC_GDP,2004,-0.109490283
ESP,PC_GDP,2005,1.231564543
ESP,PC_GDP,2006,2.124079644
ESP,PC_GDP,2007,1.88621705
ESP,PC_GDP,2008,-4.572251048
ESP,PC_GDP,2009,-11.27591944
ESP,PC_GDP,2010,-9.526628377
ESP,PC_GDP,2011,-9.739575451
ESP,PC_GDP,2012,-11.55078222
ESP,PC_GDP,2013,-7.530568002
ESP,PC_GDP,2014,-6.113114465
ESP,PC_GDP,2015,-5.311389304
ESP,PC_GDP,2016,-4.299809667
ESP,PC_GDP,2017,-3.103281185
ESP,PC_GDP,2018,-2.594952541
ESP,PC_GDP,2019,-3.063063787
ESP,PC_GDP,2020,-10.26785555
ESP,PC_GDP,2021,-6.872586744
SWE,PC_GDP,1995,-6.973142582
SWE,PC_GDP,1996,-3.091031949
SWE,PC_GDP,1997,-1.54972307
SWE,PC_GDP,1998,0.845833885
SWE,PC_GDP,1999,0.633121572
SWE,PC_GDP,2000,3.136389703
SWE,PC_GDP,2001,1.406460998
SWE,PC_GDP,2002,-1.409094128
SWE,PC_GDP,2003,-1.216326232
SWE,PC_GDP,2004,0.20203562
SWE,PC_GDP,2005,1.810967611
SWE,PC_GDP,2006,2.135076504
SWE,PC_GDP,2007,3.331196966
SWE,PC_GDP,2008,1.920959554
SWE,PC_GDP,2009,-0.836294624
SWE,PC_GDP,2010,-0.090077712
SWE,PC_GDP,2011,-0.3376159
SWE,PC_GDP,2012,-1.113439552
SWE,PC_GDP,2013,-1.462616061
SWE,PC_GDP,2014,-1.524570908
SWE,PC_GDP,2015,0.012299113
SWE,PC_GDP,2016,1.034783221
SWE,PC_GDP,2017,1.42271703
SWE,PC_GDP,2018,0.818361554
SWE,PC_GDP,2019,0.603015792
SWE,PC_GDP,2020,-2.6423141
SWE,PC_GDP,2021,-0.236004817
CHE,PC_GDP,1995,-1.857393762
CHE,PC_GDP,1996,-2.012582719
CHE,PC_GDP,1997,-2.33062939
CHE,PC_GDP,1998,-1.303451839
CHE,PC_GDP,1999,-1.56724193
CHE,PC_GDP,2000,0.281337705
CHE,PC_GDP,2001,0.207109829
CHE,PC_GDP,2002,-1.742044664
CHE,PC_GDP,2003,-1.355406816
CHE,PC_GDP,2004,-1.385681559
CHE,PC_GDP,2005,-0.642358304
CHE,PC_GDP,2006,0.84237831
CHE,PC_GDP,2007,1.566959436
CHE,PC_GDP,2008,1.923308689
CHE,PC_GDP,2009,0.494047129
CHE,PC_GDP,2010,0.351226974
CHE,PC_GDP,2011,0.677588573
CHE,PC_GDP,2012,0.23329822
CHE,PC_GDP,2013,-0.428613531
CHE,PC_GDP,2014,-0.244464253
CHE,PC_GDP,2015,0.539275976
CHE,PC_GDP,2016,0.235573891
CHE,PC_GDP,2017,1.115523358
CHE,PC_GDP,2018,1.272986407
CHE,PC_GDP,2019,1.324045543
CHE,PC_GDP,2020,-2.81938845
TUR,PC_GDP,2009,-6.126543459
TUR,PC_GDP,2010,-2.753234798
TUR,PC_GDP,2011,-0.736199995
TUR,PC_GDP,2012,-0.300218445
TUR,PC_GDP,2013,0.203597868
TUR,PC_GDP,2014,0.219587879
TUR,PC_GDP,2015,0.496583391
TUR,PC_GDP,2016,-1.322646381
TUR,PC_GDP,2017,-2.783809458
TUR,PC_GDP,2018,-2.875629419
TUR,PC_GDP,2019,-4.41854076
TUR,PC_GDP,2020,-4.661417348
GBR,PC_GDP,1990,-1.740696766
GBR,PC_GDP,1991,-2.967130991
GBR,PC_GDP,1992,-6.100540042
GBR,PC_GDP,1993,-7.428779739
GBR,PC_GDP,1994,-6.39066769
GBR,PC_GDP,1995,-5.140712682
GBR,PC_GDP,1996,-3.704053267
GBR,PC_GDP,1997,-2.059343786
GBR,PC_GDP,1998,-0.306715896
GBR,PC_GDP,1999,0.63111222
GBR,PC_GDP,2000,1.352753755
GBR,PC_GDP,2001,0.216195296
GBR,PC_GDP,2002,-1.871320367
GBR,PC_GDP,2003,-3.102534187
GBR,PC_GDP,2004,-3.042194747
GBR,PC_GDP,2005,-3.113479312
GBR,PC_GDP,2006,-2.745066438
GBR,PC_GDP,2007,-2.633094359
GBR,PC_GDP,2008,-5.095224275
GBR,PC_GDP,2009,-9.985935573
GBR,PC_GDP,2010,-9.195413706
GBR,PC_GDP,2011,-7.435898818
GBR,PC_GDP,2012,-8.086652666
GBR,PC_GDP,2013,-5.467792801
GBR,PC_GDP,2014,-5.497286482
GBR,PC_GDP,2015,-4.507413141
GBR,PC_GDP,2016,-3.303220509
GBR,PC_GDP,2017,-2.352772319
GBR,PC_GDP,2018,-2.159236196
GBR,PC_GDP,2019,-2.20943447
GBR,PC_GDP,2020,-12.76066892
GBR,PC_GDP,2021,-8.089237454
USA,PC_GDP,1970,-4.433306345
USA,PC_GDP,1971,-5.277890716
USA,PC_GDP,1972,-4.000468294
USA,PC_GDP,1973,-2.741609933
USA,PC_GDP,1974,-3.328153565
USA,PC_GDP,1975,-7.261236842
USA,PC_GDP,1976,-5.245705163
USA,PC_GDP,1977,-3.969543084
USA,PC_GDP,1978,-3.123122607
USA,PC_GDP,1979,-2.621484981
USA,PC_GDP,1980,-4.048494964
USA,PC_GDP,1981,-3.615727083
USA,PC_GDP,1982,-6.212980544
USA,PC_GDP,1983,-6.943707798
USA,PC_GDP,1984,-5.831847678
USA,PC_GDP,1985,-5.987676363
USA,PC_GDP,1986,-6.181641709
USA,PC_GDP,1987,-5.173812282
USA,PC_GDP,1988,-4.517144288
USA,PC_GDP,1989,-4.301633053
USA,PC_GDP,1990,-5.240791603
USA,PC_GDP,1991,-6.126523007
USA,PC_GDP,1992,-7.146331925
USA,PC_GDP,1993,-6.32803567
USA,PC_GDP,1994,-4.994490915
USA,PC_GDP,1995,-4.643077934
USA,PC_GDP,1996,-3.499334334
USA,PC_GDP,1997,-2.073761022
USA,PC_GDP,1998,-0.910456098
USA,PC_GDP,1999,-0.482206838
USA,PC_GDP,2000,0.335568443
USA,PC_GDP,2001,-1.847423754
USA,PC_GDP,2002,-5.303192356
USA,PC_GDP,2003,-6.414335854
USA,PC_GDP,2004,-5.775042571
USA,PC_GDP,2005,-4.447719825
USA,PC_GDP,2006,-3.33341901
USA,PC_GDP,2007,-3.979303421
USA,PC_GDP,2008,-7.342536105
USA,PC_GDP,2009,-13.09993067
USA,PC_GDP,2010,-12.380009
USA,PC_GDP,2011,-10.95599475
USA,PC_GDP,2012,-9.187067713
USA,PC_GDP,2013,-5.802407156
USA,PC_GDP,2014,-5.187102248
USA,PC_GDP,2015,-4.598510779
USA,PC_GDP,2016,-5.403228417
USA,PC_GDP,2017,-4.279615832
USA,PC_GDP,2018,-6.147208048
USA,PC_GDP,2019,-6.38134887
USA,PC_GDP,2020,-15.30961226
CHL,PC_GDP,2003,-0.189104524
CHL,PC_GDP,2004,2.769242055
CHL,PC_GDP,2005,5.023067711
CHL,PC_GDP,2006,7.383669806
CHL,PC_GDP,2007,7.739157796
CHL,PC_GDP,2008,4.667511017
CHL,PC_GDP,2009,-4.043975952
CHL,PC_GDP,2010,-0.169286702
CHL,PC_GDP,2011,1.285148631
CHL,PC_GDP,2012,0.542586918
CHL,PC_GDP,2013,-0.53448378
CHL,PC_GDP,2014,-1.525719295
CHL,PC_GDP,2015,-2.059066879
CHL,PC_GDP,2016,-2.645596603
CHL,PC_GDP,2017,-2.894912259
CHL,PC_GDP,2018,-1.587174357
CHL,PC_GDP,2019,-2.840584034
CHN,PC_GDP,1992,-5.212699664
CHN,PC_GDP,1993,-5.342250401
CHN,PC_GDP,1994,-6.068611915
CHN,PC_GDP,1995,-5.310982411
CHN,PC_GDP,1996,-3.765796743
CHN,PC_GDP,1997,-3.757468971
CHN,PC_GDP,1998,-5.498594996
CHN,PC_GDP,1999,-6.540736746
CHN,PC_GDP,2000,-7.963118126
CHN,PC_GDP,2001,-6.492109151
CHN,PC_GDP,2002,-4.466960804
CHN,PC_GDP,2003,-4.142478628
CHN,PC_GDP,2004,-0.80462838
CHN,PC_GDP,2005,-0.040811829
CHN,PC_GDP,2006,1.244740485
CHN,PC_GDP,2007,3.60895234
CHN,PC_GDP,2008,1.47446609
CHN,PC_GDP,2009,1.139237095
CHN,PC_GDP,2010,2.236049709
CHN,PC_GDP,2011,1.531287014
CHN,PC_GDP,2012,1.314646303
CHN,PC_GDP,2013,0.648948562
CHN,PC_GDP,2014,0.603405531
CHN,PC_GDP,2015,-0.609837071
CHN,PC_GDP,2016,-1.074819689
CHN,PC_GDP,2017,-1.431938352
CHN,PC_GDP,2018,-2.009975027
CHN,PC_GDP,2019,-2.31550878
EST,PC_GDP,1995,1.04835074
EST,PC_GDP,1996,-0.347828923
EST,PC_GDP,1997,2.121144743
EST,PC_GDP,1998,-0.756798773
EST,PC_GDP,1999,-3.299492757
EST,PC_GDP,2000,-0.06805317
EST,PC_GDP,2001,0.198938937
EST,PC_GDP,2002,0.418020653
EST,PC_GDP,2003,1.795429434
EST,PC_GDP,2004,2.394282507
EST,PC_GDP,2005,1.124896094
EST,PC_GDP,2006,2.89042688
EST,PC_GDP,2007,2.740630681
EST,PC_GDP,2008,-2.647721226
EST,PC_GDP,2009,-2.190795053
EST,PC_GDP,2010,0.189945086
EST,PC_GDP,2011,1.085310457
EST,PC_GDP,2012,-0.286883474
EST,PC_GDP,2013,0.180320389
EST,PC_GDP,2014,0.707793298
EST,PC_GDP,2015,0.113419562
EST,PC_GDP,2016,-0.411993616
EST,PC_GDP,2017,-0.475379009
EST,PC_GDP,2018,-0.555433408
EST,PC_GDP,2019,0.121879583
EST,PC_GDP,2020,-5.596149867
EST,PC_GDP,2021,-2.352895906
ISR,PC_GDP,1995,-9.177144963
ISR,PC_GDP,1996,-10.34693758
ISR,PC_GDP,1997,-9.168730595
ISR,PC_GDP,1998,-7.173946337
ISR,PC_GDP,1999,-3.230462559
ISR,PC_GDP,2000,-0.835023846
ISR,PC_GDP,2001,-4.198157065
ISR,PC_GDP,2002,-8.513463469
ISR,PC_GDP,2003,-5.225419044
ISR,PC_GDP,2004,-3.603191968
ISR,PC_GDP,2005,-2.79876485
ISR,PC_GDP,2006,-0.999227615
ISR,PC_GDP,2007,-0.309516897
ISR,PC_GDP,2008,-3.548728111
ISR,PC_GDP,2009,-6.643443915
ISR,PC_GDP,2010,-3.778046598
ISR,PC_GDP,2011,-3.409008043
ISR,PC_GDP,2012,-4.401411406
ISR,PC_GDP,2013,-4.145770414
ISR,PC_GDP,2014,-2.312355757
ISR,PC_GDP,2015,-1.161695157
ISR,PC_GDP,2016,-1.726495207
ISR,PC_GDP,2017,-1.127053404
ISR,PC_GDP,2018,-3.622998407
ISR,PC_GDP,2019,-3.89488721
ISR,PC_GDP,2020,-10.82516777
ISR,PC_GDP,2021,-3.831809313
RUS,PC_GDP,2011,2.953332429
RUS,PC_GDP,2012,1.753766714
RUS,PC_GDP,2013,-0.567405881
RUS,PC_GDP,2014,-2.247388383
RUS,PC_GDP,2015,-1.392087567
RUS,PC_GDP,2016,-2.453527756
RUS,PC_GDP,2017,-0.634077374
RUS,PC_GDP,2018,3.48448362
RUS,PC_GDP,2019,3.669284946
SVN,PC_GDP,1995,-8.144550131
SVN,PC_GDP,1996,-1.093224223
SVN,PC_GDP,1997,-2.306688227
SVN,PC_GDP,1998,-2.325923354
SVN,PC_GDP,1999,-2.971652006
SVN,PC_GDP,2000,-3.644889195
SVN,PC_GDP,2001,-4.450398297
SVN,PC_GDP,2002,-2.37436471
SVN,PC_GDP,2003,-2.594656463
SVN,PC_GDP,2004,-1.941004076
SVN,PC_GDP,2005,-1.324170339
SVN,PC_GDP,2006,-1.230962381
SVN,PC_GDP,2007,-0.048998316
SVN,PC_GDP,2008,-1.393789363
SVN,PC_GDP,2009,-5.812915362
SVN,PC_GDP,2010,-5.599677857
SVN,PC_GDP,2011,-6.62933839
SVN,PC_GDP,2012,-3.9947111
SVN,PC_GDP,2013,-14.57864615
SVN,PC_GDP,2014,-5.507192708
SVN,PC_GDP,2015,-2.847482985
SVN,PC_GDP,2016,-1.919113584
SVN,PC_GDP,2017,-0.052976109
SVN,PC_GDP,2018,0.743692827
SVN,PC_GDP,2019,0.422121233
SVN,PC_GDP,2020,-7.813503305
SVN,PC_GDP,2021,-5.199850817
ZAF,PC_GDP,1995,-4.704098462
ZAF,PC_GDP,1996,-5.500062243
ZAF,PC_GDP,1997,-6.068549047
ZAF,PC_GDP,1998,-4.234840309
ZAF,PC_GDP,1999,-3.028320952
ZAF,PC_GDP,2000,-3.262941656
ZAF,PC_GDP,2001,-2.026872018
ZAF,PC_GDP,2002,-2.725372043
ZAF,PC_GDP,2003,-3.637972312
ZAF,PC_GDP,2004,-3.74090069
ZAF,PC_GDP,2005,-2.306109974
ZAF,PC_GDP,2006,0.147874307
ZAF,PC_GDP,2007,0.833324642
ZAF,PC_GDP,2008,-1.737860074
ZAF,PC_GDP,2009,-3.854204509
ZAF,PC_GDP,2010,-3.278779713
ZAF,PC_GDP,2011,-2.475023728
ZAF,PC_GDP,2012,-3.596164644
ZAF,PC_GDP,2013,-3.563322885
ZAF,PC_GDP,2014,-3.836720834
ZAF,PC_GDP,2015,-3.68101587
ZAF,PC_GDP,2016,-3.36482966
ZAF,PC_GDP,2017,-3.808144715
ZAF,PC_GDP,2018,-3.363686823
ZAF,PC_GDP,2019,-4.883411398
EA,PC_GDP,1995,-7.332714654
EA,PC_GDP,1996,-4.361817186
EA,PC_GDP,1997,-3.051596849
EA,PC_GDP,1998,-2.445191355
EA,PC_GDP,1999,-1.513324571
EA,PC_GDP,2000,-1.269962484
EA,PC_GDP,2001,-1.953150629
EA,PC_GDP,2002,-2.66408073
EA,PC_GDP,2003,-3.087002621
EA,PC_GDP,2004,-2.861477136
EA,PC_GDP,2005,-2.594698745
EA,PC_GDP,2006,-1.516335308
EA,PC_GDP,2007,-0.645189584
EA,PC_GDP,2008,-2.162433465
EA,PC_GDP,2009,-6.236975033
EA,PC_GDP,2010,-6.276201468
EA,PC_GDP,2011,-4.247588105
EA,PC_GDP,2012,-3.807662107
EA,PC_GDP,2013,-3.073888044
EA,PC_GDP,2014,-2.488588807
EA,PC_GDP,2015,-1.997187515
EA,PC_GDP,2016,-1.476489236
EA,PC_GDP,2017,-0.937966212
EA,PC_GDP,2018,-0.447180098
EA,PC_GDP,2019,-0.664274361
EA,PC_GDP,2020,-7.075077598
EA,PC_GDP,2021,-5.106199025
EU,PC_GDP,1995,-7.180388869
EU,PC_GDP,1996,-4.256759195
EU,PC_GDP,1997,-2.994396679
EU,PC_GDP,1998,-2.352979649
EU,PC_GDP,1999,-1.447155156
EU,PC_GDP,2000,-1.154454997
EU,PC_GDP,2001,-1.899472385
EU,PC_GDP,2002,-2.700487633
EU,PC_GDP,2003,-3.085477554
EU,PC_GDP,2004,-2.711713683
EU,PC_GDP,2005,-2.348395956
EU,PC_GDP,2006,-1.383555941
EU,PC_GDP,2007,-0.496948551
EU,PC_GDP,2008,-2.009171984
EU,PC_GDP,2009,-6.033463089
EU,PC_GDP,2010,-5.974612094
EU,PC_GDP,2011,-4.086541646
EU,PC_GDP,2012,-3.680107362
EU,PC_GDP,2013,-2.969629907
EU,PC_GDP,2014,-2.41303296
EU,PC_GDP,2015,-1.896274103
EU,PC_GDP,2016,-1.361777339
EU,PC_GDP,2017,-0.795711885
EU,PC_GDP,2018,-0.390098782
EU,PC_GDP,2019,-0.56157232
EU,PC_GDP,2020,-6.76144653
EU,PC_GDP,2021,-4.67717332
NZL,PC_GDP,1986,-6.637896226
NZL,PC_GDP,1987,-2.196004113
NZL,PC_GDP,1988,-4.641091352
NZL,PC_GDP,1989,-3.244335767
NZL,PC_GDP,1990,-4.418974096
NZL,PC_GDP,1991,-3.429894981
NZL,PC_GDP,1992,-2.918553423
NZL,PC_GDP,1993,-0.595133791
NZL,PC_GDP,1994,2.531686906
NZL,PC_GDP,1995,2.334968203
NZL,PC_GDP,1996,2.445851179
NZL,PC_GDP,1997,1.000820493
NZL,PC_GDP,1998,-0.053722876
NZL,PC_GDP,1999,-0.244327867
NZL,PC_GDP,2000,1.623678435
NZL,PC_GDP,2001,1.302287277
NZL,PC_GDP,2002,3.256470954
NZL,PC_GDP,2003,3.384375303
NZL,PC_GDP,2004,3.826836354
NZL,PC_GDP,2005,4.471188251
NZL,PC_GDP,2006,5.02745285
NZL,PC_GDP,2007,4.142704087
NZL,PC_GDP,2008,0.312841198
NZL,PC_GDP,2009,-2.960562206
NZL,PC_GDP,2010,-7.052669886
NZL,PC_GDP,2011,-4.267700974
NZL,PC_GDP,2012,-2.348229106
NZL,PC_GDP,2013,-0.724414928
NZL,PC_GDP,2014,0.245720526
NZL,PC_GDP,2015,0.036954649
NZL,PC_GDP,2016,1.054860269
NZL,PC_GDP,2017,1.523324989
NZL,PC_GDP,2018,0.761940671
NZL,PC_GDP,2019,-0.711896582
NZL,PC_GDP,2020,-7.325412686
BRA,PC_GDP,2000,-4.854255938
BRA,PC_GDP,2001,-6.522336511
BRA,PC_GDP,2002,-6.14244914
BRA,PC_GDP,2003,-4.751068458
BRA,PC_GDP,2004,-2.962327363
BRA,PC_GDP,2005,-2.781693115
BRA,PC_GDP,2006,-4.502314025
BRA,PC_GDP,2007,-4.666093006
BRA,PC_GDP,2008,-2.740302117
BRA,PC_GDP,2009,-4.476424851
BRA,PC_GDP,2010,-2.959998168
BRA,PC_GDP,2011,-2.538946554
BRA,PC_GDP,2012,-2.317914081
BRA,PC_GDP,2013,-3.308938617
BRA,PC_GDP,2014,-5.87713726
BRA,PC_GDP,2015,-7.750959132
BRA,PC_GDP,2016,-7.152042452
BRA,PC_GDP,2017,-7.063556045
BRA,PC_GDP,2018,-6.128403183
BRA,PC_GDP,2019,-5.001535363
LVA,PC_GDP,1995,-1.427819371
LVA,PC_GDP,1996,-0.420528362
LVA,PC_GDP,1997,1.413087956
LVA,PC_GDP,1998,0.02876308
LVA,PC_GDP,1999,-3.732245093
LVA,PC_GDP,2000,-2.723597181
LVA,PC_GDP,2001,-1.94539743
LVA,PC_GDP,2002,-2.319670868
LVA,PC_GDP,2003,-1.564910566
LVA,PC_GDP,2004,-1.185395004
LVA,PC_GDP,2005,-0.47949537
LVA,PC_GDP,2006,-0.52953553
LVA,PC_GDP,2007,-0.559597065
LVA,PC_GDP,2008,-4.252543501
LVA,PC_GDP,2009,-9.544838086
LVA,PC_GDP,2010,-8.615224033
LVA,PC_GDP,2011,-4.286464574
LVA,PC_GDP,2012,-1.410616592
LVA,PC_GDP,2013,-1.220668504
LVA,PC_GDP,2014,-1.583395984
LVA,PC_GDP,2015,-1.425110713
LVA,PC_GDP,2016,0.021796261
LVA,PC_GDP,2017,-0.770888905
LVA,PC_GDP,2018,-0.841303888
LVA,PC_GDP,2019,-0.567816554
LVA,PC_GDP,2020,-4.472004035
LVA,PC_GDP,2021,-7.349822053
COL,PC_GDP,2005,-2.520135638
COL,PC_GDP,2006,-1.557373612
COL,PC_GDP,2007,-1.714328387
COL,PC_GDP,2008,-0.455772064
COL,PC_GDP,2009,-0.721329256
COL,PC_GDP,2010,-0.806712495
COL,PC_GDP,2011,-0.477849773
COL,PC_GDP,2012,-0.400896015
COL,PC_GDP,2013,-1.527112015
COL,PC_GDP,2014,-3.115074918
COL,PC_GDP,2015,-3.147166866
COL,PC_GDP,2016,-4.866274129
COL,PC_GDP,2017,-4.84143444
COL,PC_GDP,2018,-5.148963698
COL,PC_GDP,2019,-4.22104997
CRI,PC_GDP,2000,-1.40798938
CRI,PC_GDP,2001,-1.390905126
CRI,PC_GDP,2002,-1.949407925
CRI,PC_GDP,2003,-1.129831263
CRI,PC_GDP,2004,-1.29021659
CRI,PC_GDP,2005,-2.193337606
CRI,PC_GDP,2006,0.123959212
CRI,PC_GDP,2007,0.945898405
CRI,PC_GDP,2008,-2.068787608
CRI,PC_GDP,2009,-3.261615234
CRI,PC_GDP,2010,-6.410553282
CRI,PC_GDP,2011,-5.059615176
CRI,PC_GDP,2012,-1.731254559
CRI,PC_GDP,2013,-2.614251015
CRI,PC_GDP,2014,-1.410251954
CRI,PC_GDP,2015,-2.436736402
CRI,PC_GDP,2016,-2.302226618
CRI,PC_GDP,2017,-3.298901493
CRI,PC_GDP,2018,-2.74295087
CRI,PC_GDP,2019,-2.708154641
CRI,PC_GDP,2020,-4.554671379
LTU,PC_GDP,1995,-1.547622923
LTU,PC_GDP,1996,-3.250490634
LTU,PC_GDP,1997,-11.75532252
LTU,PC_GDP,1998,-3.032635957
LTU,PC_GDP,1999,-2.822215762
LTU,PC_GDP,2000,-3.188716306
LTU,PC_GDP,2001,-3.531138445
LTU,PC_GDP,2002,-1.857415158
LTU,PC_GDP,2003,-1.265645928
LTU,PC_GDP,2004,-1.393603827
LTU,PC_GDP,2005,-0.343423572
LTU,PC_GDP,2006,-0.27239516
LTU,PC_GDP,2007,-0.816167013
LTU,PC_GDP,2008,-3.086460341
LTU,PC_GDP,2009,-9.118446951
LTU,PC_GDP,2010,-6.900447664
LTU,PC_GDP,2011,-8.947137134
LTU,PC_GDP,2012,-3.170981264
LTU,PC_GDP,2013,-2.626404295
LTU,PC_GDP,2014,-0.601482001
LTU,PC_GDP,2015,-0.299338358
LTU,PC_GDP,2016,0.25155656
LTU,PC_GDP,2017,0.417255085
LTU,PC_GDP,2018,0.537187869
LTU,PC_GDP,2019,0.473599291
LTU,PC_GDP,2020,-7.281503207
LTU,PC_GDP,2021,-1.001388125
IDN,PC_GDP,2010,-0.339626136
IDN,PC_GDP,2011,-1.035158789
IDN,PC_GDP,2012,-1.343365363
IDN,PC_GDP,2013,-2.074064223
IDN,PC_GDP,2014,-1.858392211
IDN,PC_GDP,2015,-2.553798204
IDN,PC_GDP,2016,-2.375839787
IDN,PC_GDP,2017,-1.956537309
IDN,PC_GDP,2018,-1.235414613
IDN,PC_GDP,2019,-2.126189027
